Title,Takeaway,Authors,Year,Citations,Abstract,Study Type,Journal,Journal SJR Quartile,DOI,Consensus Link
"THE ECONOMIC AND ENVIRONMENTAL IMPACTS ASSESSMENT OF AQUACULTURE PROJECTS IN EGYPT","Aquaculture in Egypt contributes to national income and employment, with intensive systems reducing negative environmental impacts and increasing economic return.","M. Amira, A. Farag, A. Ahmed, H. A",2021,0,"This research aimed to assess the economic and environmental impacts of aquaculture activities in Egypt. And Analysis of the economic and environmental benefits of best fish farming  practices, And evaluate the ability of these projects to be sustainable with the economic changes and environmental impacts from these practices, and to achieve this goal, the Descriptive and analytical approach was used and Cost-benefit analysis in the economic evaluation of the activity, and  the potential environmental impacts of the existing aquaculture activities, and the impact of the expansion of fish farming activities on the surrounding environment. 
The results indicated that fish farming activity in Egypt has become one of the most important sources of national income and influences the gross domestic product, in addition to the expansion of best practices in farming, which will contribute to providing greater opportunities along the value chain. The results also indicated that the expand in the intensive system led to the reduction of negative environmental impacts, and the maximization of the economic return by increasing production, as well as maximizing the return from the water unit, as it depends on recycling water, as it is the best system , especially with lack of water resources. 
The most important research recommendations are: Encouraging the planned expansion ofaquaculture activities, to development national economy, provide greater job opportunities during the stages of the value chain, contribute to reducing the  imports from fish production, and provide a sustainable supply of food to cover the gap between local production and demand for fish. Encouraging the injection of new investments, by providing facilities, represented by insurance for aquaculture activities , providing loans and necessary credit especially for young people in order to be able to enter this field, providing a database for new investors, to facilitate the investment decision and overcome All obstacles to starting the implementation of the project. Encouraging expanding in  intensive aquaculture  systems, in order to achieve greater economic return and positive effects on the surrounding environment. The aquaculture  activity strongly needs continuous follow-up of the latest farming methods, the environmental assessment of the project at close intervals, and the provision of training and guidance from the concerned authorities for all farmers, to make them aware of the importance of the environmental dimension.","theoretical, modeling, or simulation study","Journal of Environmental Science","1","10.21608/jes.2021.180190","https://consensus.app/papers/the-economic-and-environmental-impacts-assessment-of-amira-farag/22ada053d39e558180d2a5f050aa6812/"
"Design, Economic, and Environmental Accounting Assessment of a Solar-Powered Cold Room for Fish Storage in Traditional Markets","Solar-powered cold rooms for fish storage in traditional markets in Morocco can improve economic and environmental sustainability by reducing CO2 emissions and generating significant environmental savings.","Yassine Rami, A. Allouhi",2024,8,"The food industry, crucial for emerging economies, faces challenges in refrigeration, particularly in fish storage. High energy consumption, environmental impact, and improper cooling methods leading to food waste are significant issues. Addressing these challenges is vital for economic and environmental sustainability in the food sector, especially concerning fish storage where spoilage rates are high. In this context, this research proposes a sizing methodology, evaluation, and parametric simulations based on multi-criteria attributes for a solar PV-powered cold room for storing fish in traditional markets in Morocco. To identify the cooling load of the system, TRNSYS 16 was utilized to simulate the transient behavior, while the PV array specifications were determined using SAM 2017.9.5 software. The design process introduced a cold room coupled to a refrigeration unit powered by a 15.3 m2 PV array with a 1.8 kWp nameplate capacity. Finally, yearly and life cycle metrics including self-sufficiency, self-consumption, Levelized Cost of Cooling (LCOC), discounted payback period (DPP), CO2 emissions avoided and total environmental penalty cost savings (TEPCS) are evaluated to assess the performance of the system and a sensitivity analysis was conducted on these metrics. The proposed system has an attractive LCOC of 0.131 $/kWhCold and a DPP of 3.511 years. Using the PV array proved to avoid 437.56 tons of CO2 emissions and generated TEPCS from $100.59 to $866.66. The results of this study highlight the potential for utilizing renewable energy sources in the refrigeration sector to improve both economic and environmental sustainability.","theoretical, modeling, or simulation study","Sustainability","1","10.3390/su16073080","https://consensus.app/papers/design-economic-and-environmental-accounting-assessment-rami-allouhi/b64ade6fbfa658a78ba0bcd3dd3168f4/"
"Economic efficiency of conversion of classical fish farm in organic by use of wastes fish in Green Houses","Aquaponic systems can provide fresh fish and quality greens, with potential for sustainable tourism development and economic return, but require careful management and risk evaluation.","Catalin Costin Oniga, D. Mocuta, S. Cristea, Ș. Jurcoane",2020,2,"The scientific approach of the following paper refers to an integrated system between aquaculture and hydroponics called aquaponics, a sustainable technology of producing food and diminishing waste. Implementing an aquaponic system would be a response to the drastic global changes such as climate imbalance, soil degradation, water shortage, population growth and so on. Building a system of this kind should be highly related to its economic perspective. There is scarce research regarding the economic expectation and too irrelevant to conclude a point of view. A good example of a similar practice has been applied to Cornell University (US-Professor Michael Timmons). Engineering input and perspective on responsible aquaculture development with an emphasis on business management and formation were provided to us. Considering this, we find it very challenging and we are determined to test the application of an aquaponic system in the hospitality business sector. The advantages of this application are: fresh fish and quality greens, small production surface, controlled environment, sufficient income to sustain a family and tourism development in Danube regions. The investment, overall performance and economic return are management dependent. A real risk evaluation process could improve the system added value.","other","Romanian Biotechnological Letters","","10.25083/rbl/25.6/2174.2179","https://consensus.app/papers/economic-efficiency-of-conversion-of-classical-fish-farm-oniga-mocuta/9f7ff5e895125b8dae8eb63f409c020a/"
"Economically viable aquaponics? Identifying the gap between potential and current uncertainties","Larger aquaponic systems are economically superior, profitability is sensitive to retail prices, and improved business plans can make commercial aquaponics more profitable.","Asael Greenfeld, N. Becker, J. McIlwain, R. Fotedar, J. Bornman",2018,80,"Aquaponics, which integrates hydroponic farming and aquaculture, has the potential for sustainably producing high-quality food, but has yet to achieve commercial success. In recent years, however, commercial-scale aquaponics has received considerable attention from the scientific community, with the current literature covering many aspects of aquaponic production. We reviewed this literature and classified the specific areas covered by each paper and its contribution to either cost reduction or benefit enhancement. The literature regarding the economic benefits of aquaponics was summarised, and despite contradicting views of current profitability, there is a consensus that (i) larger systems are economically superior to smaller ones; (ii) profitability is sensitive to retail prices; and (iii) commercial aquaponics are more profitable through improved business plans. This review provides a quantitative scientific analysis of the bioeconomics and potential of commercial aquaponics, useful for both researchers and practitioners. We argue for greater focus on three understudied aspects that could each be a 'game changer' for commercial aquaponics. These include the following: (i) grower considerations such as financial planning and risk management that affect potential growers' initial engagement in aquaponics; (ii) consumer perception of aquaponic products including the willingness to pay more for its added value; and (iii) the economic value of the environmental benefits of aquaponic systems and ways to internalise them for profit. Further study of each of these aspects, along with the ongoing improvement of production systems, will support the establishment of large-scale aquaponics as an economically sustainable industry.","literature review","Reviews in Aquaculture","1","10.1111/raq.12269","https://consensus.app/papers/economically-viable-aquaponics-identifying-the-gap-greenfeld-becker/80220ea5f8ac5198bc434edc428e2528/"
"Availability of Fresh Fish Stall Business to Meet Nutritional Needs for Health: A Case Study in Sebulu District, Kutai Kartanegara Regency, Indonesia","Fresh fish stall businesses in Sebulu District, Kutai Kartanegara Regency, Indonesia generate relatively good profits and have the potential to sustain operations to meet nutritional needs for health.","G. Haqiqiansyah, M. Syafril, Handayani Boa",2026,1,"Background: A profitability analysis is crucial for assessing a business’s ability to generate profit hence, business actors need to respond and make the increase in managing their businesses. If their business is survived they may to meet nutritional needs of the community besides significantly contribute to increasing family income.
Aims: To analyze the profitability of a fresh fish stall business.
Methods: Data collection of research was in July-September 2025, in Sebulu District, Kutai Karatenagara Regency. Samples as respondents were obtained using the purposive sampling method, specifically four respondents, considering that they have the largest businesses with five and more than 5 years, and operate continuously. They are the fresh fish stall traders. To analyze profitability, calculations of Net Profit Margin (NPM), Return on Investment (RoI), Payback Period (PP), and business efficiency (RCR or Benefit Cost Ratio) were used.
Results: The findings reveal that the business achieved a profitability rate of 19.10% for NPM, 29.2% for ROI, and a payback period of 0.59 years.
Conclusion: The fresh fish stall business generates a relatively good profit and has the potential to sustain its operations to meet nutritional needs for health. Furthermore, the business efficiency analysis indicates an R/C ratio value of 1.24, signifying that the business is efficient, as an R/C ratio value greater than 1 denotes efficiency.","case study","GHMJ (Global Health Management Journal)","","10.35898/ghmj-911257","https://consensus.app/papers/availability-of-fresh-fish-stall-business-to-meet-haqiqiansyah-syafril/40e60a65270157f4a14167dac2e6893f/"
"Analisis Kelayakan Investasi Pembangunan Pasar Ikan Modern “Muara Baru”","The development of a world-class modern fish market is feasible from a financial perspective, with a 7.36 year payback period, 13.42% IRR, and 21.91% ROI.","Edy Supriyantony",2023,2,"Directorate General of PDSPKP, Ministry of Maritime Affairs and Fisheries in order to improve competitiveness by increasing market facilities and infrastructure as the main chain of distribution of marine and fishery products, plans to build a world-class modern fish market (PIM). This research was conducted to know the feasibility of development from the financial aspects. The data were collecting with methods of field observation, interviews and literature studies. The results of the feasibility study of this plan show that PIM development is feasible to be implemented from the financial aspect. This is supported by the results of an analysis that shows 7.36 year payback period (PP) 7.36 year; NPV of Rp. 21.74 billion; IRR of 13.42%; and ROI of 21.91%.","other","Jurnal Ekonomi dan Bisnis","","10.56145/jurnalekonomidanbisnis.v3i2.67","https://consensus.app/papers/analisis-kelayakan-investasi-pembangunan-pasar-ikan-supriyantony/912afa23e5355dc38c2da93a0bdc554a/"
"A financial feasibility study of an aquaponic system in a Mediterranean urban context","Aquaponic farming in an urban Mediterranean context is likely to be profitable, with operating income of about €290 and a slightly higher economic viability if total revenue decreases.","A. Asciuto, E. Schimmenti, Carlo Cottone, V. Borsellino",2019,55,"","other","Urban Forestry & Urban Greening","1","10.1016/j.ufug.2019.02.001","https://consensus.app/papers/a-financial-feasibility-study-of-an-aquaponic-system-in-a-asciuto-schimmenti/634016711ce15048a0a991f47078ffe6/"
"Increasing fish farm profitability through aquaculture best management practice training in Egypt","Best management practice training significantly improves profitability for Egyptian fish farmers, leading to higher average net profits and lower operating costs.","M. Dickson, A. Nasr-Allah, D. Al-Kenawy, F. Kruijssen",2016,94,"","field study","Aquaculture","1","10.1016/j.aquaculture.2016.09.015","https://consensus.app/papers/increasing-fish-farm-profitability-through-aquaculture-dickson-nasr-allah/572aaa1acdeb5f3f8b58eb01aaaee1e2/"
"Economic Sustainability of Small-Scale Aquaponic Systems for Food Self-Production","Small-scale aquaponic systems show positive accounting profit but negative economic profit when considering labor costs, allowing for some autonomy through the use of family labor force.","José Lobillo-Eguíbar, V. Fernández-Cabanás, L. Bermejo, L. Pérez-Urrestarazu",2020,45,"Aquaponics involves the simultaneous production of plants and fish and it is increasingly being used with a self-consumption purpose. However, there are uncertainties and little information about the economic sustainability of small-scale self-managed aquaponic systems. The objective of this study was to obtain economic information about these systems, including the level of commoditization of food production as a measure of their autonomy. For this purpose, two small-scale aquaponic systems (SAS) based on FAO models were self-constructed using cheap and easy-to-obtain materials and monitored for a year. A total of 62 kg of tilapia and 352 kg of 22 different vegetables and fruits were produced, with an average net agricultural added value of 151.3 €. Results showed positive accounting profit but negative economic profit when labor costs were included. The degree of commoditization was around 44%, which allows a certain autonomy, thanks to the use of family labor force.","other","Agronomy","1","10.3390/agronomy10101468","https://consensus.app/papers/economic-sustainability-of-smallscale-aquaponic-systems-lobillo-egu%C3%ADbar-fern%C3%A1ndez-caban%C3%A1s/ce58552afdc157aea969ca351384e946/"
"Medan Fish Centre With Ecological Architecture Approach","The Medan Fish Center design, using ecological architecture, effectively manages liquid waste from fish traders, benefiting the community's economy, recreation, and education.","A. Nasution, Sri Gunana",2022,0,"Medan Fish Center design is a building design that functions as a fish market which is located on K.L. Yos Sudarso Street, West Medan District, North Sumatra. This design depicts a fish market center equipped with supporting facilities such as a freshwater aquarium, food court, and gallery. The application of ecological architecture to market design applied to the management of liquid waste produced by fish traders. The fish market design is expected to benefit the community not only as a means of the community's economy but also as a means of recreation and education.    ","other","International Journal of Architecture and Urbanism","","10.32734/ijau.v6i3.10388","https://consensus.app/papers/medan-fish-centre-with-ecological-architecture-approach-nasution-gunana/dc9c7e79cf9d547e88898947ee05edc5/"
"Engineering Design of Aquaponics Systems","This review introduces notation and algorithms to standardize critical values in aquaponics, aiming to improve design criteria, operational parameters, and accelerate scientific development for commercial applications.","J. Colt, A. Schuur, D. Weaver, K. Semmens",2021,46,"Abstract Aquaponics is the integration of aquaculture and hydroponics where nutrients released by growing fish are utilized by plants grown in a soilless culture, often in a controlled environment. Potential advantages of aquaponics include improved sustainability, reduced resource consumption, and fewer environmental impacts compared to conventional aquaculture. Based on a 2014 survey, it was found that most respondents were practicing aquaponics as a hobby. Other groups of respondents were educators, non-profit organizations that operate aquaponic systems, commercial operators, and consultants that sell goods, material, and services. Although many proponents cite the opportunity to create a commercially viable food production system few (if any) ventures have demonstrated sustainable financial outcomes. In general, much of the peer-reviewed aquaponic publications and popular literature, and despite the efforts of some investigators, lacks a methodical scientific basis for describing the essential mechanics, relationships, and culture methods within aquaponic systems. Many systems evolved from small-scale experimental facilities devised by trial and error methods and were implemented with locally limited appropriate species, limited finances, and distorted market situations. Many of the published aquaponic experiments are based on small systems, short growth trials, and weak experimental design. The predominant system design approach is based on a relatively small number of experiments. This review introduces notation and algorithms that are intended to standardize the numerous critical values essential in aquaponics for purposes of determining design criteria and operational parameters including flows, the concentration of water quality constituents, metabolite production, and productivity of plant and animal segments in an aquaponic systems. The objective of this systematic approach is to employ scientific methods that provide research results that can be replicated, challenged, and improved. This methodology is expected to facilitate more rapid development of scientific information, productive systems, and rational economic applications. This approach is crucial for commercial applications where production cost, product value, and investment returns are of critical importance for practitioners that envision investment in new ventures. For hobbyists and educators, economic issues may not be as important as the self-sufficiency and natural synergism aspects, personal satisfaction, and the learning experience that result from existing state-of-the-art of aquaponic practices. These outcomes remain for all and a clearer understanding of smaller personal systems is likely to be enhanced.","literature review","Reviews in Fisheries Science & Aquaculture","1","10.1080/23308249.2021.1886240","https://consensus.app/papers/engineering-design-of-aquaponics-systems-colt-schuur/d0895de4156d53d58834560ad763ba92/"
"Making Aquaponics a Business: A Framework","This paper proposes a framework for evaluating the economic feasibility of commercial aquaponics systems, based on revenues, costs, and investments, within its operations, market, and environment.","Lorena Silva Araújo, K. Keesman, Simon Goddek",2021,5,"Commercial aquaponics systems remain a challenge independent of the country, fish, plant species, or system design type. Most aquaponics systems are made by hobbyists, with aquaponics not being the main source of income. As such, scholars and practitioners have long debated the real profitability of aquaponics systems. With the growth of the aquaponics industry and commercial businesses, sustainable economic viability is necessary. Recently, considerable literature has been published around the theme of aquaponics systems design but there is a gap in the literature regarding the business aspect of this. Moreover, only by acquiring the enterprise knowledge of planning a business case, obtaining funds, and running and maintaining a business will this industry be able to grow. This paper intends to create a directory of possible considerations to plan for a viable commercial aquaponics system by uniting already established business frameworks and adapting them to the aquaponics industry. This framework proposes a guide to evaluate the economic feasibility of the enterprise depending on the revenues, costs and investments needed for the chosen system within its operations, market, and environment.","theoretical, modeling, or simulation study","Water","1","10.3390/w13212978","https://consensus.app/papers/making-aquaponics-a-business-a-framework-ara%C3%BAjo-keesman/44859d6a59d85cf8a78be9ae8858f793/"
"Economic Analysis and Improvement Opportunities of African Catfish (Clarias gariepinus) Aquaculture in Northern Germany","African catfish aquaculture in Northern Germany can be economically profitable through altered sales prices, feed costs, and retaining a larger part of the fishery value chain within the farm.","J. Pasch, H. Palm",2021,39,"A farmland based African Catfish recirculation aquaculture system with a production volume (PV) of 300 m3 was modelled under realistic market conditions in order to analyse the impact of price fluctuations on profitability. As a monoculture recirculating aquaculture system (RAS) for whole fish and the wholesaler’s market, the model northern German catfish aquaculture is currently gainless, but the production is sufficient to cover all costs. The most decisive economic parameter is the low selling price (2.20 EUR/kg whole fish), which affects the returns by ±70,463 EUR/year for every ten percent (0.22 EUR) price change. Among the variable costs, feed has by far the largest impact with a share of 61.4% (42.1% of total costs). Based on the initial model every ten percent price variation of this variable input factor changes the returns by ±29,691 EUR/year, followed by energy (±5913 EUR/year), fingerlings (±4804 EUR/year), wages (±3972 EUR/year) and water (±2464 EUR/year). Larger system sizes (600 m3 PV) significantly save costs due to economies of scale and achieve returns of 175,240 EUR/year and an ROI of 11.45%. Increasing max. stocking density from 450 kg/m3 to 550 kg/m3 improves returns and ROI (40,379 EUR/year; 4.40%), but also involves higher production risks. An own fingerling production with a production of 300% above the own requirements improves returns and ROI (39,871 EUR/year; 3.57%) and leads, above all, to independence from foreign suppliers. Aquaponic integrations can generate profits, but are associated with high investment costs and the challenges of entering a new business sector. Product diversification into fillet (50% of the production) and smoked fillet (30%) generates lucrative returns and ROI (212,198 EUR/year; 20.10%). Profitability is further increased by direct marketing in the form of a farm store and the establishment of a regional “producer organisation”. Our results demonstrate that under current market conditions northern German catfish aquaculture covers all costs, mainly increasing profitability through altered sales prices and feed costs. Retaining a larger part of the fishery value chain within the farm through additional benefits, further processing and product diversification improves profitability, making African catfish RAS a sustainable and economically profitable aquaculture business in Germany.","theoretical, modeling, or simulation study","Sustainability","1","10.3390/su132413569","https://consensus.app/papers/economic-analysis-and-improvement-opportunities-of-pasch-palm/a632f47ba67e56debf94d3d9f4c9ef88/"
"ANALYSIS OF THE FEASIBILITY STUDY OF CATFISH BREEDING BUSINESS IN SIPANGE GODANG VILLAGE","The catfish hatchery business in Sipange Godang Village is feasible due to its legal, market, and financial aspects, with potential for growth and Sharia compliance.","Hesti Rauli, Sry Lestari, M. Arif",2026,0,"The catfish hatchery business has quite good market opportunities due to the increasing public demand for catfish as a widely consumed food source. This study aims to analyze the feasibility of the catfish hatchery business in Sipange Godang Village in terms of non-financial aspects, financial aspects, and sharia principles. This study uses a descriptive research type with a qualitative approach. The research informants were three catfish hatchery entrepreneurs selected using a saturated sampling technique. Data were collected through observation, interviews, and documentation, then analyzed using the Miles and Huberman model. The business feasibility analysis was carried out based on legal, market and marketing, technical, management, socio-economic, environmental, and financial aspects using the Payback Period (PP), Break Even Point (BEP), and Revenue Cost Ratio (R/C Ratio) methods. The results of the study indicate that the catfish hatchery business in Sipange Godang Village is feasible to be run and developed. Viewed from the non-financial aspect, the business has fulfilled the legal, market and marketing, technical, management, socio-economic, and environmental aspects, although strengthening the business legality is still needed. From a financial perspective, the business is able to recoup its capital, sales are above the break-even point, and its R/C ratio is greater than 1, making it financially viable. Based on Sharia principles, the business is run honestly and free from riba, maysir, and gharar.","case study","Multidisciplinary Indonesian Center Journal (MICJO)","","10.62567/micjo.v3i3.2797","https://consensus.app/papers/analysis-of-the-feasibility-study-of-catfish-breeding-rauli-lestari/360e71a3f3105dc88f40e6d366ef8ca3/"
"Economics of Small‐scale Commercial Aquaponics in Hawai‘i","Small-scale commercial aquaponics in Hawaii is economically feasible, but returns are less optimistic than previously reported, and investment cannot support a 11% decrease in annual sales revenue.","Kanae Tokunaga, C. Tamaru, H. Ako, P. Leung",2015,124,"Aquaponics, the symbiotic integration of aquaculture and hydroponics, has been touted as a sustainable food production technology. While there is anecdotal evidence, there are only a few studies on the economics of commercial aquaponics. In this study, we collect economic and production information from three aquaponic farms to investigate the economic feasibility of an aquaponics industry in Hawaii. Based on the information supplied by the farms, we develop a model case to analyze (i) profitability, (ii) return on investment, and (iii) input requirements for small-scale commercial aquaponics operation in Hawaii. We find that small-scale commercial aquaponics is economically feasible, but our findings are not as optimistic as those previously published. The modified internal rate of return of the model farm is 7.36%. We conduct sensitivity and decision reversal analysis to investigate how output prices and operational cost parameters affect the overall economic outcome. We find that economic outcome is very sensitive to output price. Investment in commercial aquaponics cannot be supported if annual sales revenue falls by 11%. We conclude by discussing challenges and risks faced by commercial aquaponic farms and the potential economic gain from organic certification and renewable energy implementation.","theoretical, modeling, or simulation study","Journal of The World Aquaculture Society","1","10.1111/jwas.12173","https://consensus.app/papers/economics-of-small%E2%80%90scale-commercial-aquaponics-in-tokunaga-tamaru/f8150de75b505d789907b8b24c956ad6/"
"The Current Situation, Problems and Proposed Solutions of Aquarium Businesses in Erzurum Province","Aquarium businesses in Erzurum face high feed and material costs, high rent and electricity expenses, and low customer demand, requiring financial and educational support from public institutions and universities for sector development.","Ebru Yılmaz, F. B. Harmantepe, Saim Pala",2025,1,"This research was conducted to reveal the general situation of aquarium businesses operating in Erzurum, identify current problems and propose solutions to these issues. It was observed that the 10 active aquarium businesses in the province were concentrated in three central districts. A questionnaire, consisting of both open-ended and closed-ended questions tailored to the research objectives, was administered to these 10 businesses through face-to-face interviews. The research findings indicated that 60% of the aquarium businesses were tenants, all personnel were male, the owners were older and more experienced than the employees, and 70% of them were university graduates. It was determined that all operators sourced their fish domestically, made retail sales, experienced an increase in sales during the winter months, sold a total of 9 fish species, with Japanese (Carassius auratus) and guppy (Poecilia reticulata) fish being the most sold, and that the most common disease observed was white spot disease, affecting 80% of the fish. The majority of operators (60%) stated that aquarium cooperatives should be established. Among the most significant problems identified were high feed and material costs, high rent and electricity expenses, and low customer demand. In light of the data obtained, it has been concluded that organizing activities to increase interest in the aquarium sector nationwide and providing financial and educational support to entrepreneurs by public institutions and universities would be beneficial for the development of the sector and the resolution of existing problems.","other","Research in Agricultural Sciences","","10.17097/agricultureatauni.1603961","https://consensus.app/papers/the-current-situation-problems-and-proposed-solutions-of-y%C4%B1lmaz-harmantepe/997ebc38736157dc8b7c1db5b8bdbf69/"
"Economic and financial risks of commercial tilapia cage culture in a neotropical reservoir","Larger tilapia cage farms have lower financial and economic risks, with a 36% probability of low risk and a shorter payback period.","Maicon da Rocha Brande, David Ferreira Lopes Santos, N. S. Fialho, D. C. Proença, Pablo Gallardo Ojeda, Flavia C. M. Godói, R. Roubach, G. W. Bueno",2023,10,"","theoretical, modeling, or simulation study","Heliyon","1","10.1016/j.heliyon.2023.e16336","https://consensus.app/papers/economic-and-financial-risks-of-commercial-tilapia-cage-brande-santos/c7104e278bb6566591cee8ee072fae5f/"
"Economic viability of a small scale low-cost aquaponic system in South Africa","Small-scale aquaponic systems in South Africa are not economically viable with conventional practices, but can be made viable with optimized plant yield techniques and a 30% to 70% fish-to-plant ratio.","A. Babatunde, R. Deborah, Moodley Gan, Taylor Simon",2021,22,"ABSTRACT Aquaponics provides a sustainable means of converting aquaculture effluent to nutrients for growing plant. This unconventional, but synergistic system of food production has been documented to be economically feasible and sustainable, particularly in areas with limited land and water resources availability. This study assessed the economic feasibility of a low-cost small-scale aquaponics system using production output and economic data. Price trends, cost, revenue, return on investment (ROI), net present value (NPV) using a 10-year period, internal rate of return (IRR) and profitability analyses were modeled to determine the financial performance of the aquaponic system. The result indicated that this small-scale aquaponic operation is not economically viable (Gross profit: 42%, net profit: – 22%, ROI: – 8%, NPV: R81,466, IRR: 13% and Profitability Index: 0.35) by adopting conventional aquaponics cultural practice (fish: plant revenue model 59% to 41%) due to higher operating cost of producing a kg of fish (R55) vis-à-vis the market price, compared to plant production. A revenue model of 42% to 58% fish-to-plant ratio was marginally feasible (Gross profit: 59%, net profit: 13%, ROI: 7%, NPV: R92,445, IRR: 19% and Profitability Index: 0.50). A minimum revenue model of 30% to 70% fish-to-plant ratio by adopting optimized plant yield cultural techniques to attain economies of scale and viability, is suggested. This study serves as a model for promoting viable and sustainable unconventional food production system to attain food security and local economic development in South Africa.","theoretical, modeling, or simulation study","Journal of Applied Aquaculture","2","10.1080/10454438.2021.1958729","https://consensus.app/papers/economic-viability-of-a-small-scale-lowcost-aquaponic-babatunde-deborah/2da4ae1f3fe25068a63686e551a7a967/"
"FEASIBILITY STUDY ON THE PROMOTION OR SCALING UP OF THE ""SABOU MANIAN"" SMOKEHOUSE","The improved ""Sabou Mania"" smokehouse is technically, organizationally, and financially feasible, with a favorable payback period and high profitability.","F. Guindo, B. Dembélé, Sékou Sala Guindo, Mamadou Soufountera, Abdoulaye Aziz Kosibo, B. Ouattara, Sansan Kambire, Sadio Togola",2026,0,"This study analyzes the technical, organizational, and financial feasibility of the improved
smokehouse (Sabou Manian) developed by the STDF/PG/611 project (MTF/MLI/063/STF). It
focused on three regions: Koulikoro, Ségou, and Mopti, as well as the Bamako district. Four sites
were identified where the owners of Sabou Manian smokehouses, developed by the Food
Technology Laboratory (LTA), reside. These sites are located in the regions of Koulikoro,
Ségou, Mopti, and Bamako. The activity involved all nine beneficiaries of the Sabou Manian
smokehouse. Qualitative and quantitative approaches were used to collect data through semistructured interviews (SSI) conducted via telephone calls and in person with the Sabou Manian
smokehouse users. Excel software was used to enter the collected data, which was subsequently
analyzed using the same software as well as SPSS 21.
The average purchase price of fresh fish is 1,400 CFA francs/kg for freshwater fish and 1,875
CFA francs/kg for farmed fish. Smoked fish from the improved smokehouse cost an average of
7,250 CFA francs/kg, approximately double the price of smoked fish from traditional
smokehouses (3,437 CFA francs/kg).
In conclusion, we find that the financial results obtained are profitable and very satisfactory. The
internal rate of return (IRR) of 81.6% over 5 years and 151.50% over 10 years indicate that the
project's profitability is highly attractive.
Furthermore, the funds invested in the use of this ""Sabou Mania"" oven will be recouped in the
first year, a very favorable payback period.","mixed methods study","International Journal of Agriculture, Environment and Bioresearch","","10.35410/ijaeb.2026.1035","https://consensus.app/papers/feasibility-study-on-the-promotion-or-scaling-up-of-the-guindo-demb%C3%A9l%C3%A9/1d6ee714a9dc50bcbf8a7039609584f8/"
"Feasibility Study for Establishing a Restaurant in Jeddah","A gourmet restaurant specializing in signature brioche bread in Jeddah can be successful with a thorough feasibility study, considering market, technical, social, and environmental factors.","S. El-Quliti, A. Elalem",2018,1,"The primary purpose of this paper is to express an in-depth and comprehensive feasibility study for a gourmet restaurant in Jeddah since a feasibility study is crucial to the success of any business project. This study targets to explore the success of establishing a gourmet restaurant in Jeddah and to answer the question whether this business idea will continue successfully. We propose that the gourmet restaurant will comprise a signature store made brioche bread, as a novel idea. The business type needed, data regarding the gourmet restaurant industry and the history and development of brioche bread are basic information required. The feasibility study contains six categories: business strategy, market feasibility study, technical feasibility study, location and site selection study, social and an environmental feasibility study, and economic feasibility study. The market study addresses the requisite information on demand and supply, as well as the detailed information about competitors. The technical study contains the necessary machinery, production capacity, needed raw material and inputs, computer system(s) and human resources plans. Accordingly and based on quantitative selection criteria, the most suitable site was chosen. This study also identifies the impact on society and environment. The economic feasibility study recognizes the financial resources needed to channelize and operate the business and calculates all the economic performance indicators for the project.","","American Scientific Research Journal for Engineering, Technology, and Sciences","","","https://consensus.app/papers/feasibility-study-for-establishing-a-restaurant-in-jeddah-el-quliti-elalem/79b2f2e9fea85087a750d384f4bb78e3/"
